{"cameraMode":{"drawMode":0,"name":"Shaded","section":"Shading Mode"},"sceneLighting":true,"audioPlay":false,"sceneViewState":{"m_AlwaysRefresh":false,"showFog":true,"showSkybox":true,"showFlares":true,"showImageEffects":true,"showParticleSystems":true,"showVisualEffectGraphs":true,"m_FxEnabled":true},"in2DMode":false,"pivot":{"x":408.7568359375,"y":180.94105529785157,"z":20.54619789123535},"rotation":{"x":0.014999178238213063,"y":-0.005999317392706871,"z":0.00009003868763102219,"w":0.9998706579208374},"size":287.2759704589844,"orthographic":false}